Title,YT_codes
Heâs All That,"['XqTPaRz8Nx8', 'CldGTG6iVrU', 'PaZVjZEFkRs', 'N-ewaCVARtM', '4sYSyuuLk5g']"
The Tomorrow War,"['QPistcpGB8o', 'WOx8TZFvfsw', 'RQjEbkV-9ZM', 'P0y5jg-F0Kk', '_TQfaaOjFYQ']"
Cinderella,"['T1NeHRuPpoM', '20DF6U1HcGQ', 'LfR8Su4ulX0', 'VDB3onzBMfI', '-Ra6hmW9Iew']"
Locked Down,"['mepeWor5JPk', 'ecF50t2FHSA', 'CDQH0t6JiS4', 'vFq48QU5XjM', 'Q8m0oGSt9-8']"
The Woman in the Window,"['v_0GJg_Jnlo', 'J0hTmzISOlQ', '2nXlpd8uq-M', 'MJk4CITQ6a4', 'XXWZrvCITB4']"
Vanquish,"['qBkdEURcdCs', '3wCfCJIpi8M', 'fUElfp3DJ5Y', '3oNGoc41hQA', 'r6tT49HWJiY']"
Space Jam â A New Legacy,"['olXYZOsXw_o', 'ADo0ULPJbuo', 'hcesHoSjVZw', 'HR-WxNVLZhQ', 'UTUR_HvkiNc']"
Thunder Force,"['qnx6-YLXFwg', '9wTVKzgHzE8', 'kJa8b8Zplv4', 'HMyWw2GXmsU', 'IOlY6dR8PAE']"
Mortal Kombat,"['NYH2sLid0Zc', 'QJHY4ggYCk4', 'UoTams2yc0s', '-BQPKD7eozY', '4ANaKFnOOjk']"
The Kissing Booth 3,"['5fKn0Dhj64w', 'JKEUKI3IuE0', 'sX1Kc1lZH9Y', 'Qwxqo0IESxI', 'E-bJ0zRmAfQ']"
